,Title,Release Year,Runtime,Gross Worldwide Boxoffice
0,The Shawshank Redemption,1994,142,29332133
1,The Godfather,1972,175,250342198
2,The Godfather Part II,1974,202,47962277
3,The Dark Knight,2008,152,1009053678
4,12 Angry Men,1957,96,2945
5,Schindler's List,1994,195,322161245
6,Pulp Fiction,1994,154,213928762
7,"The Good, the Bad and the Ugly",1967,178,25264999
8,The Lord of the Rings: The Return of the King,2003,201,1137996691
9,Fight Club,1999,139,101321009
10,Baahubali: The Beginning,2015,159,24548038
11,The Lord of the Rings: The Fellowship of the Ring,2001,178,888120042
12,Inception,2010,148,839030630
13,Star Wars: Episode V - The Empire Strikes Back,1980,124,550016086
14,Forrest Gump,1994,142,678226465
15,Andaz Apna Apna,1994,160,Data not available
16,The Lord of the Rings: The Two Towers,2002,179,938210343
17,One Flew Over the Cuckoo's Nest,1975,133,109115366
18,Seven Samurai,1956,207,1060273
19,Goodfellas,1990,145,47054352
20,The Matrix,1999,136,467840449
21,Star Wars: Episode IV - A New Hope,1977,121,775398507
22,City of God,2004,130,30680793
23,Interstellar,2014,169,732055745
24,Se7en,1995,127,327333559
25,It's a Wonderful Life,1947,130,9767242
26,The Usual Suspects,1995,106,23341568
27,Life Is Beautiful,1997,116,230099013
28,The Silence of the Lambs,1991,118,272742922
29,Léon: The Professional,1994,110,20278356
30,Once Upon a Time in the West,1969,166,5435312
31,City Lights,1931,87,55154
32,Spirited Away,2003,124,358110581
33,The Intouchables,2011,112,426590315
34,Casablanca,1943,102,4720495
35,Saving Private Ryan,1998,169,482351251
36,American History X,1998,119,23875714
37,Modern Times,1936,87,463618
38,Indiana Jones and the Raiders of the Lost Ark,1981,115,389925971
39,Psycho,1960,109,32066765
40,Rear Window,1954,112,37043820
41,Whiplash,2014,106,50360880
42,The Green Mile,1999,189,286801374
43,The Pianist,2003,150,120098945
44,Terminator 2: Judgment Day,1991,137,517778573
45,Gladiator,2000,155,465516248
46,Sunset Boulevard,1950,110,308663
47,The Departed,2006,151,291481358
48,Memento,2001,113,40047236
49,Dr. Strangelove or: How I Learned to Stop Worrying and Love the Bomb,1964,95,9631984
50,The Dark Knight Rises,2012,164,1114975066
51,Back to the Future,1985,116,384577472
52,Apocalypse Now,1979,147,105090566
53,Cinema Paradiso,1990,174,13020497
54,The Prestige,2006,130,109676311
55,The Great Dictator,1941,125,972212
56,The Lion King,1994,88,981708285
57,The Lives of Others,2007,137,77672685
58,Inside Out,2015,95,859076254
59,Paths of Glory,1957,88,8290
60,Alien,1979,117,108628991
61,Grave of the Fireflies,1989,88,801143
62,Django Unchained,2012,165,426076293
63,3 Idiots,2009,170,60262836
64,Queen,2014,146,502391
65,The Shining,1980,146,47959450
66,Witness for the Prosecution,1958,116,7903
67,WALL·E,2008,98,527403656
68,Princess Mononoke,1997,133,170338626
69,M,1931,99,35566
70,Das Boot,1982,149,11488778
71,American Beauty,1999,122,356296601
72,Citizen Kane,1941,119,1707502
73,Aliens,1986,137,131060248
74,Oldboy,2003,120,17592355
75,Once Upon a Time in America,1984,229,5475540
76,North by Northwest,1959,136,192323
77,Amélie,2002,122,175183052
78,A Separation,2011,123,22926076
79,Vertigo,1958,128,7808900
80,Double Indemnity,1944,107,19543
81,Star Wars: Episode VI - Return of the Jedi,1983,131,482466382
82,Braveheart,1995,178,213216216
83,Requiem for a Dream,2000,102,7390108
84,Gangs of Wasseypur,2012,321,4384642
85,Lawrence of Arabia,2013,227,45763719
86,To Kill a Mockingbird,1963,129,599934
87,Chak De! India,2007,153,21505244
88,Toy Story 3,2010,103,1067316101
89,A Clockwork Orange,1972,136,27034174
90,Bicycle Thieves,1949,89,451336
91,Reservoir Dogs,1992,99,2931191
92,The Kid,1921,68,41979
93,Udaan,2010,134,434862
94,Haider,2014,160,1404307
95,Eternal Sunshine of the Spotless Mind,2004,108,73395181
96,Bhaag Milkha Bhaag,2013,186,17551296
97,Taxi Driver,1976,114,28579636
98,Singin' in the Rain,1952,103,2092468
99,All About Eve,1950,138,154501
100,The Sting,1973,129,156000000
101,Amadeus,1984,160,52075942
102,Yojimbo,1961,110,64919
103,Rashomon,1951,88,133898
104,The Martian,2015,144,630621406
105,The Treasure of the Sierra Madre,1948,126,5014000
106,Full Metal Jacket,1987,116,50193748
107,Monty Python and the Holy Grail,1975,91,2817496
108,The Apartment,1960,125,18778738
109,PK,2014,153,100370104
110,Ikiru,1956,143,109622
111,2001: A Space Odyssey,1968,149,66764997
112,Snatch,2001,102,83557872
113,For a Few Dollars More,1967,132,15000000
114,Metropolis,1927,153,1350322
115,The Third Man,1950,93,1406393
116,Some Like It Hot,1959,121,208457
117,Scarface,1983,170,66443303
118,L.A. Confidential,1997,138,126216940
119,Inglourious Basterds,2009,153,321460456
120,Toy Story,1995,81,394436586
121,Batman Begins,2005,140,375404836
122,Dilwale Dulhania Le Jayenge,1995,181,83096
123,Swades,2004,189,1953889
124,The Hunt,2012,115,15886373
125,Indiana Jones and the Last Crusade,1989,127,474171806
126,Unforgiven,1992,130,159167799
127,Mr. Smith Goes to Washington,1939,129,146123
128,Downfall,2005,156,92181574
129,The Great Escape,1963,172,230637
130,On the Waterfront,1954,108,3350
131,Up,2009,96,735102136
132,Raging Bull,1980,129,23405198
133,The General,1927,78,612
134,Ran,1985,160,4172381
135,Wild Strawberries,1959,92,81070
136,The Gold Rush,1925,95,31490
137,My Neighbor Totoro,1990,86,30331056
138,Chinatown,1974,130,29231618
139,Good Will Hunting,1998,126,225933435
140,Judgment at Nuremberg,1961,179,12180
141,Heat,1995,170,187436818
142,The Seventh Seal,1958,96,311212
143,Mad Max: Fury Road,2015,120,380437267
144,Die Hard,1988,132,143651650
145,Pan's Labyrinth,2007,118,83863565
146,Kahaani,2012,122,459234
147,The Secret in Their Eyes,2010,129,35079650
148,The Bridge on the River Kwai,1957,161,27200530
149,Bajrangi Bhaijaan,2015,163,121126188
150,Howl's Moving Castle,2005,119,240589632
151,The Wages of Fear,1955,156,1098
152,Warrior,2011,140,23308615
153,Blade Runner,1982,117,41757358
154,Barfi!,2012,151,4490134
155,The Wolf of Wall Street,2013,120,407039432
156,The Elephant Man,1980,124,26028672
157,Rebecca,1940,130,113328
158,"Lock, Stock and Two Smoking Barrels",1998,107,3753929
159,It Happened One Night,1934,105,16993
160,Incendies,2011,131,6797861
161,V for Vendetta,2006,132,134686457
162,Casino,1995,178,116112375
163,Gone with the Wind,1940,238,402382193
164,Cool Hand Luke,1967,127,1767
165,The Big Lebowski,1998,117,48066565
166,How to Train Your Dragon,2010,98,494879860
167,Lagaan: Once Upon a Time in India,2001,224,1724806
168,A Beautiful Mind,2002,135,316791257
169,Gran Torino,2009,116,269958228
170,Straight Outta Compton,2015,147,201634991
171,Mary and Max,2009,92,1740791
172,Into the Wild,2007,148,56676733
173,Dial M for Murder,1954,105,45313
174,The Deer Hunter,1979,183,49080126
175,The Best Years of Our Lives,1947,170,23667133
176,Rush,2013,123,96992516
177,My Sassy Girl,2001,137,365429
178,Baby,2015,159,11533057
179,Trainspotting,1996,93,16981823
180,The Maltese Falcon,1941,100,39032
181,Hachi: A Dog's Tale,2010,93,46749646
182,Persona,1967,83,90813
183,Throne of Blood,1961,110,59547
184,Gone Girl,2014,149,370890259
185,Stalker,1980,162,438245
186,Wild Tales,2014,122,31478893
187,The 400 Blows,1959,99,193228
188,Fargo,1996,98,60611975
189,Tae Guk Gi: The Brotherhood of War,2004,140,81407286
190,The Battle of Algiers,1967,121,962002
191,Diabolique,1955,117,12498
192,Touch of Evil,1958,95,2285063
193,The Thing,1982,109,20630135
194,The Sixth Sense,1999,107,672806432
195,Finding Nemo,2003,100,941637960
196,Hotel Rwanda,2005,121,33882243
197,The Princess Bride,1987,98,30963839
198,Network,1976,121,23701317
199,Monty Python's Life of Brian,1979,94,20781763
200,Underground,1997,167,182134
201,Fanny and Alexander,1982,188,6813882
202,The Grapes of Wrath,1940,129,7304
203,Butch Cassidy and the Sundance Kid,1969,110,102311848
204,Nausicaä of the Valley of the Wind,1987,117,9013757
205,The Avengers,2012,143,1520538536
206,No Country for Old Men,2007,122,171632777
207,The Legend of 1900,1998,169,21061339
208,Kill Bill: Vol. 1,2003,111,180908413
209,Platoon,1987,120,138545632
210,In the Name of the Father,1994,133,65796862
211,"Black Cat, White Cat",1998,127,370787
212,What Ever Happened to Baby Jane?,1962,134,4154
213,There Will Be Blood,2008,158,76186873
214,8½,1963,138,200502
215,Stand by Me,1986,89,53522503
216,Amores Perros,2001,154,20908467
217,Le Samouraï,1967,101,328741
218,Ben-Hur,1959,212,74439321
219,12 Years a Slave,2013,134,187734091
220,The Last Picture Show,1971,118,29146255
221,Annie Hall,1977,93,38289445
222,Laura,1944,88,151
223,Memories of Murder,2003,132,1210156
224,The Grand Budapest Hotel,2014,99,174567384
225,Departures,2009,130,74236951
226,Infernal Affairs,2002,101,8836958
227,Zindagi Na Milegi Dobara,2011,155,5192743
228,Shutter Island,2010,138,294946413
229,Chungking Express,1996,102,3294092
230,Million Dollar Baby,2005,132,216763646
231,Donnie Darko,2001,113,7412634
232,Harry Potter and the Deathly Hallows: Part 2,2011,130,1342480797
233,Guardians of the Galaxy,2014,121,773350376
234,Gandhi,1983,191,52768419
235,Cat on a Hot Tin Roof,1958,108,1872
236,Solaris,1972,167,229210
237,3-Iron,2004,88,3403957
238,Before Sunrise,1995,101,6568101
239,Barry Lyndon,1975,185,279084
240,Who's Afraid of Virginia Woolf?,1966,131,28006929
241,La Strada,1956,108,41362
242,Strangers on a Train,1951,101,50415
243,Sin City,2005,124,158733820
244,La Dolce Vita,1961,174,217420
245,La haine,1996,98,754907
246,"Spring, Summer, Fall, Winter... and Spring",2004,103,8842229
247,The Wizard of Oz,1939,102,25637669
248,The Celebration,1998,105,1657778
249,"Paris, Texas",1984,145,2682715
250,The Cabinet of Dr. Caligari,1920,67,9297
251,Elite Squad 2: The Enemy Within,2010,115,63618850
252,Ip Man,2008,106,22108789
253,Sleuth,1972,138,Data not available
254,The Bourne Ultimatum,2007,115,444100035
255,The Imitation Game,2014,114,233555708
256,Castle in the Sky,1991,124,6218229
257,High Noon,1952,85,217
258,Three Colors: Red,1994,99,3634446
259,In the Mood for Love,2001,98,15064528
260,Roman Holiday,1953,118,22728
261,Anatomy of a Murder,1959,161,194
262,Wings of Desire,1988,128,3518525
263,The Man Who Shot Liberty Valance,1962,123,Data not available
264,Notorious,1946,102,117060
265,Jurassic Park,1993,127,1104379926
266,Elite Squad,2007,115,14759148
267,The Philadelphia Story,1941,112,413654
268,Stalag 17,1953,120,Data not available
269,The Night of the Hunter,1955,92,6030
270,Arsenic and Old Lace,1944,118,Data not available
271,The Help,2011,146,221802186
272,Harvey,1950,104,Data not available
273,Akira,1988,124,3289058
274,The Hustler,1961,134,Data not available
275,12 Monkeys,1996,129,168839459
276,The Sea Inside,2005,126,43731621
277,Rocky,1976,120,117253184
278,A Christmas Story,1983,93,20792619
279,The Big Sleep,1946,114,51050
280,"Monsters, Inc.",2001,92,579770299
281,Groundhog Day,1993,101,71108778
282,Jaws,1975,124,477220580
283,Kal Ho Naa Ho,2003,186,13214520
284,Pirates of the Caribbean: The Curse of the Black Pearl,2003,143,654264546
285,Rio Bravo,1959,141,27210
286,The Terminator,1984,107,78371200
287,The Killing,1956,84,380
288,Papillon,1973,151,53267000
289,Dog Day Afternoon,1975,125,50002721
290,A Streetcar Named Desire,1951,122,53162
291,A Fistful of Dollars,1967,99,14516248
292,The Truman Show,1998,103,264118712
293,X-Men: Days of Future Past,2014,132,746045700
294,Prisoners,2013,153,122127446
295,The King's Speech,2010,118,472088310
296,Young Frankenstein,1974,106,86274794
297,Before Sunset,2004,80,16505440
298,All Quiet on the Western Front,1930,152,Data not available
299,Dogville,2004,178,16690617
300,The Wild Bunch,1969,135,640561
301,Sling Blade,1997,135,24444121
302,The Diving Bell and the Butterfly,2008,112,19780116
303,His Girl Friday,1940,92,Data not available
304,The Perks of Being a Wallflower,2012,103,33384127
305,Harold and Maude,1971,91,3978
306,Beauty and the Beast,1991,84,451291298
307,Pink Floyd: The Wall,1982,95,22274148
308,The Manchurian Candidate,1962,126,2757256
309,Persepolis,2008,96,22783978
310,The Nightmare Before Christmas,1993,76,107798585
311,Rope,1948,80,10883
312,The Graduate,1967,106,105017024
313,The Raid 2,2014,150,6566916
314,Duck Soup,1933,69,106318
315,Blood Diamond,2006,143,171720398
316,This Is Spinal Tap,1984,82,4738481
317,Bringing Up Baby,1938,102,11665
318,Big Fish,2004,125,123235422
319,Patton,1970,172,61749765
320,Crimes and Misdemeanors,1989,104,18254702
321,East of Eden,1955,118,28344
322,Magnolia,2000,188,48453541
323,JFK,1991,189,205405498
324,The Exorcist,1973,122,430872776
325,Manhattan,1979,96,40194067
326,The Straight Story,1999,112,6449471
327,Star Trek,2009,127,385681768
328,Slumdog Millionaire,2008,120,378411362
329,"Aguirre, the Wrath of God",1977,95,37732
330,The Return,2003,110,8482993
331,Jab We Met,2007,138,10065630
332,Catch Me If You Can,2002,141,352114312
333,Being There,1980,130,30179435
334,Rain Man,1988,133,354825435
335,Brazil,1985,132,9949953
336,Boyhood,2014,165,48137666
337,Dead Poets Society,1989,128,235860116
338,Waltz with Bashir,2008,90,11179372
339,Talk to Her,2003,112,64826117
340,Charade,1963,113,175119
341,Short Term 12,2013,96,1645164
342,Central Station,1998,110,5971073
343,Whisper of the Heart,1996,111,4420615
344,Dawn of the Dead,(United,127,159822
345,Nosferatu: A Symphony of Horror,1922,94,45595
346,The Adventures of Robin Hood,1938,102,291
347,Ratatouille,2007,111,623729107
348,Dances with Wolves,1990,181,424208848
349,Cinderella Man,2005,144,108539911
350,Her,2014,126,48269269
351,In the Heat of the Night,1967,110,27669
352,Doctor Zhivago,1965,197,111926200
353,Ghost in the Shell,1996,83,929593
354,All the President's Men,1976,138,70601199
355,Battleship Potemkin,1925,66,61389
356,Dancer in the Dark,2000,140,40061153
357,The Searchers,1956,119,1071
358,Black Swan,2010,108,329398046
359,Secrets & Lies,1997,136,13417292
360,Aladdin,1992,90,504050219
361,Shadow of a Doubt,1943,108,875
362,No Man's Land,2001,98,4858869
363,Dallas Buyers Club,2013,117,55198285
364,Kill Bill: Vol. 2,2004,137,154118514
365,The Sound of Music,1965,172,159484051
366,Days of Heaven,1978,94,3490933
367,Life of Pi,2012,127,609016565
368,District 9,2009,112,210888950
369,Head-On,2004,121,11065801
370,Frankenstein,1931,70,1626
371,Shaun of the Dead,2004,99,31508087
372,Fiddler on the Roof,1971,181,10407120
373,Three Colors: Blue,1993,94,1518216
374,C.R.A.Z.Y.,2022,129,3710169
375,The Lady Vanishes,1938,96,41493
376,Let the Right One In,2008,114,11227336
377,Rosemary's Baby,1968,137,3288
378,Scent of a Woman,1993,156,134095253
379,Hannah and Her Sisters,1986,107,40084041
380,Mystic River,2003,138,156595191
381,The Iron Giant,1999,86,23337631
382,The Artist,2012,100,133471171
383,Planet of the Apes,1968,112,32600372
384,Amarcord,1974,123,197754
385,The Discreet Charm of the Bourgeoisie,1972,102,103230
386,Night of the Living Dead,1968,96,237994
387,Serenity,2005,119,40445129
388,The Incredibles,2004,115,631688498
389,Mulholland Drive,2001,147,20289986
390,Casino Royale,2006,144,616577552
391,True Romance,1993,119,13088850
392,Breathless,1961,90,594039
393,King Kong,1933,100,651
394,Moon,2009,97,9760107
395,In Bruges,2008,107,38938097
396,Special 26,2013,144,647074
397,The Man from Earth,2007,87,Data not available
398,Edward Scissorhands,1990,105,86024005
399,Freaks,1932,64,4072
400,The Untouchables,1987,119,76272360
401,The Hobbit: An Unexpected Journey,2012,169,1017107150
402,Spartacus,1960,197,1846975
403,The Hobbit: The Desolation of Smaug,2013,161,959079095
404,Letters from Iwo Jima,2007,141,68673228
405,My Name Is Khan,2010,165,42345360
406,Before Midnight,2013,109,20710514
407,The Blues Brothers,1980,133,115229890
408,The Pursuit of Happyness,2006,117,307127625
409,Me and Earl and the Dying Girl,2015,105,9074749
410,Almost Famous,2000,122,47387566
411,The Conversation,1974,113,4858263
412,The Breakfast Club,1985,97,51525171
413,Midnight Cowboy,1969,113,44802577
414,Glory,1990,122,26979166
415,The African Queen,1952,105,46305
416,The Remains of the Day,1993,134,23240144
417,Edge of Tomorrow,2014,113,377044245
418,Hero,2004,120,177395557
419,The Notebook,2004,123,118546960
420,Once,2007,86,20939022
421,The Bourne Identity,2002,119,214034224
422,The Wrestler,2009,109,44734660
423,Bride of Frankenstein,1935,75,11533
424,The Quiet Man,1952,129,Data not available
425,The Killer,1990,111,2340425
426,The Chaser,2008,125,36496231
427,Nine Queens,2000,114,12413888
428,"4 Months, 3 Weeks and 2 Days",2007,113,10174839
429,Key Largo,1948,100,9524420
430,Toy Story 2,1999,92,497375381
431,Hard Boiled,1992,128,785
432,Cowboy Bebop: The Movie,2003,115,3016085
433,The Outlaw Josey Wales,1976,135,31800000
434,How to Train Your Dragon 2,2014,102,621537519
435,Bonnie and Clyde,1967,111,1475
436,The Killing Fields,1985,141,34700291
437,Ninja Scroll,1993,94,1073
438,A Prophet,2010,155,17874044
439,Children of Men,2007,109,70596471
440,The Man Who Would Be King,1975,129,12678
441,All About My Mother,2000,101,67957990
442,Badlands,1974,94,54396
443,Stagecoach,1939,96,Data not available
444,Ed Wood,1994,127,5888045
445,Breaking the Waves,1996,159,3831182
446,Do the Right Thing,1989,120,37295445
447,The Insider,1999,157,60289912
448,The Fall,2008,117,3981117
449,The Right Stuff,1984,193,21192315
450,Iron Man,2008,126,585796247
451,Carlito's Way,1993,144,63848322
452,"Crouching Tiger, Hidden Dragon",2001,120,213978518
453,The Fault in Our Stars,2014,126,307168169
454,The Chorus,2004,97,88385944
455,Big Hero 6,2014,102,657870525
456,The Double Life of Véronique,1991,98,2175939
457,G.O.R.A.,2017,127,20839049
458,Mr. Nobody,2013,141,3567573
459,The Past,2013,130,12673462
460,Walk the Line,2005,136,186797986
461,The Boondock Saints,2000,108,30471
462,Lilya 4-Ever,2002,109,1007747
463,My Fair Lady,1964,170,72684726
464,Shrek,2001,90,488629509
465,Avatar,2009,162,2923706026
466,Crash,2005,112,98410061
467,Nightcrawler,2014,117,47425835
468,The Ten Commandments,1956,220,65500755
469,Jules and Jim,1962,105,487117
470,Gravity,2013,91,773031617
471,Miller's Crossing,1990,115,5080409
472,Boogie Nights,1997,155,43117303
473,Halloween,1978,91,47173315
474,The Fighter,2010,116,129190869
475,Miracle on 34th Street,1947,96,1742
476,My Left Foot,1990,103,14743391
477,The Edge of Heaven,2007,122,17804565
478,Captain Phillips,2013,134,218791811
479,The Man from Nowhere,2010,119,44723232
480,The Girl Who Leapt Through Time,2006,98,873659
481,Taken,2009,90,226837760
482,Cabaret,1972,124,77612
483,Hot Fuzz,2007,121,80581021
484,Kiki's Delivery Service,1990,103,10403278
485,Little Miss Sunshine,2006,101,101059571
486,The World's Fastest Indian,2006,127,18302013
487,Blue Is the Warmest Colour,2013,120,19796489
488,Ferris Bueller's Day Off,1986,103,70738901
489,Down by Law,1986,107,1529199
490,Veer-Zaara,2004,192,6693119
491,Batman: Mask of the Phantasm,1993,76,5863139
492,E.T. the Extra-Terrestrial,1982,115,797307407
493,Clerks,1994,92,3152360
494,Amour,2012,127,29664140
495,The Girl with the Dragon Tattoo,2011,158,232617430
496,Glengarry Glen Ross,1992,100,10726612
497,Adam's Apples,2005,94,2421577
498,Predator,1987,107,98268458
499,Tombstone,1993,130,56505065
500,The 39 Steps,1935,86,52623
501,Ordinary People,1980,124,54766923
502,Withnail and I,1987,107,1950623
503,The Day of the Jackal,1973,143,Data not available
504,I Saw the Devil,2010,144,12966357
505,The Best Offer,2014,131,20919703
506,Birdman or (The Unexpected Virtue of Ignorance),2014,119,103215094
507,The Motorcycle Diaries,2004,126,57663711
508,Evil,2003,113,528245
509,The Day the Earth Stood Still,1951,92,651
510,Black Book,2007,145,26768563
511,Hamlet,1996,242,6296790
512,The Triplets of Belleville,2004,80,14776760
513,Mississippi Burning,1989,128,34603943
514,Misery,1990,107,61277597
515,Tangled,2010,100,591806017
516,Evil Dead II,1987,84,5932279
517,Office Space,1999,89,10829894
518,Drive,2011,100,79747261
519,The Magnificent Seven,1960,128,416
520,Kuch Kuch Hota Hai,1998,185,10471
521,Silver Linings Playbook,2012,122,236412453
522,Guess Who's Coming to Dinner,1967,108,56666797
523,Open Your Eyes,1997,119,377967
524,The Wind Rises,2014,126,136865366
525,About Time,2013,123,87100748
526,Star Trek Into Darkness,2013,132,467365246
527,Willy Wonka & the Chocolate Factory,1971,100,669890
528,American Gangster,2007,157,269755430
529,Kingsman: The Secret Service,2015,129,414351546
530,Fantasia,1941,124,76411819
531,Gattaca,1997,106,12533504
532,Fantastic Mr. Fox,2009,87,58091644
533,Back to the Future Part II,1989,108,332500002
534,The Boy in the Striped Pajamas,2008,94,40416563
535,Empire of the Sun,1987,153,22239121
536,Porco Rosso,1994,94,1458536
537,Waking Life,2002,99,3176880
538,October Sky,1999,108,34698753
539,Love and Death,1975,85,20123742
540,Belle de Jour,1968,100,4162334
541,Blue Velvet,1986,120,8638396
542,Moonrise Kingdom,2012,94,68265576
543,Rebel Without a Cause,1955,111,217945
544,The French Connection,1971,104,51702099
545,In America,2004,105,25382911
546,Ghostbusters,1984,105,296578797
547,The Lego Movie,2014,100,470759687
548,The Last of the Mohicans,1992,112,75506530
549,Pride & Prejudice,2005,129,121616555
550,Apocalypto,2006,139,120654337
551,Happiness,1998,134,2982321
552,The Curious Case of Benjamin Button,2008,166,335802786
553,The Lunchbox,2013,104,11621785
554,Repulsion,1965,105,33174
555,Dirty Harry,1971,102,35988495
556,The White Ribbon,2010,144,19353588
557,Zelig,1983,79,11798616
558,Hedwig and the Angry Inch,2001,95,3660081
559,Captain America: The Winter Soldier,2014,136,714421503
560,Invasion of the Body Snatchers,1956,80,3717
561,The Dirty Dozen,1967,150,Data not available
562,Airplane!,1980,88,83455547
563,Atonement,2008,123,129266061
564,Zulu,1964,138,Data not available
565,"O Brother, Where Art Thou?",2001,107,71871136
566,Harry Potter and the Prisoner of Azkaban,2004,142,808485409
567,Wreck-It Ralph,2012,101,471222950
568,The Hangover,2009,100,469328922
569,Night on Earth,1991,129,2113387
570,The Fugitive,1993,130,368875760
571,The Goonies,1985,114,64531113
572,X-Men: First Class,2011,131,352616690
573,The Longest Day,1962,178,Data not available
574,The Color Purple,1986,154,98468102
575,The Last Emperor,1988,163,43994979
576,"South Park: Bigger, Longer & Uncut",1999,81,83137864
577,Lost in Translation,2003,102,118688756
578,From Here to Eternity,1953,118,36416
579,Run Lola Run,1999,80,7659098
580,Pride,2014,119,19014619
581,Kung Fu Hustle,2005,99,104882445
582,Lucky Number Slevin,2006,110,56308881
583,Boyz n the Hood,1991,112,57532703
584,The Tenant,1976,126,1924733
585,Mary Poppins,1965,139,103125597
586,The Game,1997,129,109423648
587,Being John Malkovich,1999,113,23106795
588,Breakfast at Tiffany's,1961,115,594615
589,The Experiment,2001,120,13782896
590,Blazing Saddles,1974,93,119623948
591,Donnie Brasco,1997,127,124909762
592,The Name of the Rose,1986,130,7153487
593,The Broken Circle Breakdown,2012,111,6041503
594,What's Eating Gilbert Grape,1994,118,10032765
595,Finding Neverland,2004,106,116650613
596,Changeling,2008,141,113398237
597,500 Days of Summer,2009,95,60801288
598,Argo,2012,120,232325503
599,Serpico,1973,130,29857918
600,Goldfinger,1965,110,51218064
601,The Sandlot,1993,101,34348443
602,Skyfall,2012,143,1108594137
603,3:10 to Yuma,2007,122,70016220
604,The Bourne Supremacy,2004,108,290835269
605,Awakenings,1991,121,52096475
606,Kramer vs. Kramer,1979,105,106260000
607,The Social Network,2010,120,224927749
608,Nebraska,2014,115,27682872
609,A Bronx Tale,1993,121,17287898
610,Ocean's Eleven,2001,116,450717150
611,Ray,2004,152,123971376
612,Control,2007,122,8159508
613,As Good as It Gets,1997,139,314178011
614,300,2007,117,456082343
615,The King of Comedy,1982,109,2537298
616,The Birds,1963,119,54531
617,The Purple Rose of Cairo,1985,82,10631333
618,Remember the Titans,2000,113,136771683
619,Deliverance,1972,109,4550
620,Battle Royale,2000,114,1343717
621,The Red Violin,1999,130,10019109
622,Good Bye Lenin!,2004,121,79316957
623,Man on Fire,2004,146,130834852
624,Sabrina,1954,113,2356
625,The Theory of Everything,2014,123,123726688
626,Star Trek II: The Wrath of Khan,1982,113,79822604
627,Flipped,2010,90,4324817
628,A Hard Day's Night,1964,87,2362523
629,The Count of Monte Cristo,2002,131,75395048
630,Road to Perdition,2002,117,181001478
631,Rushmore,1999,93,17198495
632,The Machinist,2004,101,8203235
633,Dark City,1998,100,27201335
634,Detachment,2012,98,1688710
635,Ant-Man,2015,117,519311965
636,Adaptation.,2003,115,32802440
637,Paprika,2007,90,961196
638,Barton Fink,1991,116,6154106
639,Dead Man's Shoes,2004,90,241688
640,Black Hawk Down,2002,144,172989651
641,Short Cuts,1993,188,6110979
642,A Very Long Engagement,2005,133,69424389
643,21 Grams,2004,124,60466876
644,Ex Machina,2015,108,37394629
645,Love Me If You Dare,2004,93,8604201
646,The Last King of Scotland,2007,123,48618191
647,The Last Samurai,2003,154,454627263
648,Enter the Dragon,1973,102,115762
649,Delicatessen,1992,99,1804142
650,Mysterious Skin,2005,105,1532932
651,50/50,2011,100,41097853
652,Stardust,2007,127,137515140
653,Titanic,1997,194,2264750694
654,Cast Away,2000,143,429632142
655,Frost/Nixon,2009,122,27426335
656,Dead Man,1996,121,1085079
657,Despicable Me,2010,95,544174973
658,Fear and Loathing in Las Vegas,1998,118,10680275
659,Kick-Ass,2010,117,96188903
660,Malcolm X,1992,202,48169910
661,The Great Beauty,2014,141,25368330
662,Zombieland,2009,88,102392080
663,The Station Agent,2003,89,8701337
664,Brokeback Mountain,2006,134,178064141
665,Sympathy for Mr. Vengeance,2002,129,2046923
666,Training Day,2001,122,104876233
667,25th Hour,2003,135,23936003
668,Ponyo,2009,101,205909928
669,Shine,1997,105,35999121
670,Forbidden Planet,1958,98,Data not available
671,Harry Potter and the Deathly Hallows: Part 1,2010,146,960897696
672,Le Dîner de Cons,1998,80,4071548
673,Gone Baby Gone,2007,114,34612443
674,The Blind Side,2009,129,309231694
675,The Butterfly Effect,2004,113,96822421
676,The Sweet Hereafter,1997,112,3263585
677,Close Encounters of the Third Kind,1977,138,306889114
678,Philadelphia,1994,125,206678440
679,The Warriors,1979,93,22495288
680,Three Colors: White,1994,92,1266582
681,Match Point,2006,124,85638656
682,Primal Fear,1996,129,102616183
683,Billy Elliot,2000,110,109283018
684,The Producers,1968,88,375524
685,This Is England,2007,101,8481254
686,The Visitor,2008,104,18197518
687,The City of Lost Children,1995,112,1783616
688,Sense and Sensibility,1996,136,134582776
689,Avengers: Age of Ultron,2015,141,1405018048
690,Love Actually,2003,135,250215630
691,Boy A,2008,106,1202375
692,Show Me Love,1998,89,219331
693,Where Eagles Dare,1969,158,7100435
694,Dazed and Confused,1993,103,8154446
695,Coraline,2009,100,185860104
696,After Hours,1985,97,10629668
697,Shane,1953,118,21412
698,Sophie's Choice,1983,150,30036166
699,Fearless,2006,104,68072848
700,Blood Simple,1985,99,4262856
701,Saw,2004,103,104004218
702,Midnight in Paris,2011,94,151672318
703,Who Framed Roger Rabbit,1988,104,329803958
704,The Muppet Christmas Carol,1992,85,33274029
705,Eastern Promises,2007,100,56107312
706,Dangerous Liaisons,1989,119,34670720
707,Lolita,1962,153,7411
708,True Grit,2010,110,252278285
709,Snow White and the Seven Dwarfs,1938,83,184960747
710,Cell 211,2009,113,19305314
711,Blow-Up,1967,111,38575
712,Star Wars: Episode III - Revenge of the Sith,2005,140,850035635
713,Zodiac,2007,157,84786496
714,First Blood,1982,93,125212904
715,Lady Vengeance,2005,115,23835242
716,The Secret World of Arrietty,2012,94,149660003
717,In a Better World,2010,118,13004504
718,Little Big Man,1970,139,31559552
719,La Vie En Rose,2007,140,87485236
720,Dawn of the Planet of the Apes,2014,130,710644566
721,Minority Report,2002,145,358372926
722,End of Watch,2012,109,55078146
723,Y tu mamá también,2001,106,33616692
724,Seven Pounds,2008,123,169748929
725,The Big Blue,1988,168,3992246
726,Lost Highway,1997,134,3836866
727,Grindhouse,2007,191,25422088
728,Spellbound,1945,111,19000
729,The Player,1992,124,21706547
730,Midnight Express,1978,121,35000000
731,Kelly's Heroes,1970,144,5200000
732,Moulin Rouge!,2001,127,184935252
733,The Hunger Games: Catching Fire,2013,146,865011746
734,Traffic,2001,147,207515725
735,Kiss Kiss Bang Bang,2005,103,15785148
736,The Fifth Element,1997,126,263920180
737,M*A*S*H,1970,116,81600000
738,Whale Rider,2003,101,41062976
739,Inside Man,2006,129,186003591
740,Mission: Impossible - Rogue Nation,2015,131,682716636
741,Stranger Than Fiction,2006,113,53653224
742,Watchmen,2009,162,185382813
743,Philomena,2013,98,100129872
744,The Wicker Man,1974,88,528514
745,I Am Sam,2002,132,97818302
746,Fried Green Tomatoes,1992,130,119418501
747,Les Misérables,2012,158,442757529
748,127 Hours,2011,94,60738797
749,The Royal Tenenbaums,2002,110,71442210
750,Harry Potter and the Goblet of Fire,2005,157,897468952
751,High Plains Drifter,1973,105,15706540
752,Mad Max 2: The Road Warrior,1982,96,23670853
753,A Few Good Men,1992,138,243240178
754,The Illusionist,2006,110,87892388
755,United 93,2006,111,76700659
756,The Thin Red Line,1999,170,98126565
757,Milk,2009,128,54662930
758,Lethal Weapon,1987,109,120207127
759,The Jungle Book,1967,78,205843612
760,28 Days Later,2003,113,84661434
761,The Flowers of War,2011,146,2855644
762,The Godfather Part III,1990,162,136861392
763,Thank You for Smoking,2006,92,39323027
764,When Harry Met Sally...,1989,95,93274466
765,Frozen,2013,102,1306450154
766,Sherlock Holmes,2009,128,524028679
767,The Kite Runner,2008,128,75011029
768,Blow,2001,124,83282296
769,The Skin I Live In,2011,120,33716389
770,Superbad,2007,113,170812574
771,House of Sand and Fog,2004,126,16763804
772,Drunken Master II,2000,102,11555430
773,Munich,2006,164,130982407
774,Lord of War,2005,122,72617068
775,Dracula,1931,75,87019
776,American Psycho,2000,102,34266679
777,The Crow,1994,102,50840352
778,The Naked Gun: From the Files of Police Squad!,1988,85,78756177
779,The Raid: Redemption,2012,101,9146852
780,Volver,2007,121,85605851
781,National Lampoon's Animal House,1978,109,141607219
782,Man Bites Dog,1993,95,205569
783,The Others,2001,104,210002906
784,The Party,1968,99,10786
785,Army of Darkness,1993,81,11514639
786,The Last Temptation of Christ,1988,164,8866022
787,West Side Story,1961,153,44134880
788,The Hurt Locker,2009,131,49259766
789,The Blind Swordsman: Zatoichi,2003,116,34196922
790,The Man from U.N.C.L.E.,2015,116,110045109
791,Apollo 13,1995,140,355237933
792,Fury,2014,134,211822697
793,Escape from Alcatraz,1979,112,43005351
794,13 Assassins,2010,141,18689058
795,The Hunt for Red October,1990,135,200512643
796,The Counterfeiters,2008,99,18814713
797,The Impossible,2013,114,198087212
798,A Fish Called Wanda,1988,108,62493712
799,Kung Fu Panda,2008,92,632091832
800,Following,1999,69,126052
801,Funny Games,1998,108,972
802,Enemy at the Gates,2001,131,96976270
803,The Man Who Wasn't There,2001,116,18918721
804,Indiana Jones and the Temple of Doom,1984,118,333107271
805,Hunger,2008,96,3185113
806,A Royal Affair,2012,137,14758997
807,Falling Down,1993,113,40903593
808,The Abyss,1989,140,90520202
809,"Lust, Caution",2007,157,67091915
810,The Guns of Navarone,1961,158,20616
811,Southpaw,2015,124,91970827
812,The Little Mermaid,1989,83,211343479
813,Ip Man 2,2010,108,15089448
814,Garden State,2004,102,35825316
815,Robin Hood,1973,83,Data not available
816,It's a Mad Mad Mad Mad World,1963,210,46333064
817,Moneyball,2011,133,110206216
818,Secondhand Lions,2003,109,48260279
819,Die Hard with a Vengeance,1995,128,366101666
820,The Reader,2009,124,108902486
821,The Wave,2011,107,32350637
822,An American Werewolf in London,1981,97,30819283
823,Hoosiers,1987,114,28607524
824,Lone Survivor,2014,121,154802912
825,The Piano,1994,121,40185556
826,The Omen,1976,111,60922980
827,Interview with the Vampire,1994,123,223664608
828,The Secret of NIMH,1982,82,14665733
829,The Great Debaters,2007,126,30271556
830,Dead Alive,1993,104,242623
831,Midnight Run,1988,126,81613606
832,Dead Man Walking,1996,122,39363635
833,The Meaning of Life,1983,107,14949697
834,The Book Thief,2013,131,76586316
835,Little Children,2007,137,14821658
836,Disconnect,2013,115,3428048
837,A Single Man,2010,99,24964890
838,Tucker and Dale vs Evil,2010,89,5241377
839,The Town,2010,125,154026136
840,Rise of the Planet of the Apes,2011,105,481800873
841,Ice Age,2002,81,383257136
842,Boys Don't Cry,2000,118,11540607
843,Leaving Las Vegas,1996,111,32029928
844,Collateral,2004,120,220239925
845,The Evil Dead,1983,85,2895590
846,High Fidelity,2000,113,47126295
847,Tell No One,2006,131,33428799
848,Headhunters,2011,100,19387088
849,Sideways,2004,127,109706931
850,Of Mice and Men,1992,115,5471088
851,Chaplin,1993,143,9493259
852,Batman,1989,126,411569241
853,The Hours,2003,110,108846217
854,Hugo,2011,126,185770310
855,The Fisher King,1991,137,41895736
856,Field of Dreams,1989,107,84431625
857,House of Flying Daggers,2005,119,92863945
858,"Planes, Trains & Automobiles",1987,93,49530280
859,What We Do in the Shadows,2015,86,7450669
860,Star Trek: First Contact,1996,111,146027888
861,National Lampoon's Christmas Vacation,1989,97,74540604
862,The Damned United,2009,98,4091378
863,The Assassination of Jesse James by the Coward Robert Ford,2007,160,15003764
864,Ghost Dog: The Way of the Samurai,2000,116,9421594
865,The Hurricane,2000,146,73956241
866,The Natural,1984,138,47951979
867,August Rush,2007,114,66122026
868,The Edukators,2004,127,8152859
869,Keith,2008,95,Data not available
870,Hair,1979,121,15313606
871,"The Cook, the Thief, His Wife & Her Lover",1990,124,8526030
872,Juno,2007,96,232373066
873,"Good Night, and Good Luck.",2005,93,54641191
874,Sleepers,1996,147,165615285
875,Rudy,1993,114,22881563
876,Gangs of New York,2002,167,193772504
877,Jacob's Ladder,1990,113,26118851
878,The Life of David Gale,2003,130,38955598
879,The Class,2009,128,29303505
880,RoboCop,1987,102,53429250
881,Bullets Over Broadway,1995,98,13383747
882,Equilibrium,2002,107,5368217
883,42,2013,128,97510197
884,The Wind that Shakes the Barley,2007,127,22903165
885,Elizabeth,1999,124,82150642
886,Menace II Society,1993,97,27912072
887,Saving Mr. Banks,2013,125,117867984
888,Straw Dogs,1971,113,Data not available
889,Green Street Hooligans,2005,109,3814717
890,Wallace & Gromit: The Curse of the Were-Rabbit,2005,85,192705291
891,The Bridges of Madison County,1995,135,182016617
892,Life as a House,2001,125,23903791
893,Perfume: The Story of a Murderer,2007,147,135039924
894,Reign Over Me,2007,124,22242388
895,Jackie Brown,1997,154,39693845
896,A Simple Plan,1999,121,16316273
897,The Painted Veil,2007,125,26910847
898,Quiz Show,1994,133,24822619
899,A Perfect World,1993,138,135130999
900,American Splendor,2003,101,7986084
901,Marathon Man,1976,125,21709020
902,The Fly,1986,96,60629159
903,Maria Full of Grace,2004,101,12594630
904,The Man Who Knew Too Much,1956,120,10190
905,Cloud Atlas,2012,172,130516424
906,American Graffiti,1973,110,115006578
907,Pleasantville,1998,124,49805462
908,The Conjuring,2013,112,320415166
909,Selma,2015,128,67782762
910,Gallipoli,1981,110,5737029
911,Sherlock Holmes: A Game of Shadows,2011,129,543848418
912,Miracle,2004,135,64445708
913,Scott Pilgrim vs. the World,2010,112,51691156
914,Doubt,2008,104,51699984
915,Despicable Me 2,2013,98,970766005
916,We Need to Talk About Kevin,2011,112,9212174
917,Three Days of the Condor,1975,117,27476252
918,Pinocchio,1940,88,121892045
919,Mulan,1998,87,304320254
920,A Nightmare on Elm Street,1984,91,25858216
921,The Ice Storm,1997,112,8038061
922,The Orphanage,2008,105,78638987
923,Malena,2001,108,14493284
924,Legends of the Fall,1995,133,160638883
925,Freedom Writers,2007,123,43095175
926,Rust and Bone,2012,120,25807712
927,My Cousin Vinny,1992,120,64088552
928,Everything Is Illuminated,2005,106,3601974
929,To Catch a Thief,1955,106,7117
930,Best in Show,2000,90,20789556
931,REC,2007,78,32511655
932,Harry Potter and the Half-Blood Prince,2009,153,941055851
933,X2: X-Men United,2003,134,407711549
934,Felon,2008,104,Data not available
935,Total Recall,1990,113,261317921
936,The Texas Chain Saw Massacre,1974,83,30920518
937,The Devil's Advocate,1997,144,152944660
938,Buffalo '66,1998,110,2375718
939,The Constant Gardener,2005,129,82468097
940,A History of Violence,2005,96,61385065
941,The Aviator,2004,170,213719942
942,Harry Potter and the Sorcerer's Stone,2001,152,1026409257
943,Fruitvale Station,2013,85,17385830
944,Source Code,2011,93,147332697
945,Pi,1998,84,3221152
946,Open Range,2003,139,68296293
947,The Hobbit: The Battle of the Five Armies,2014,144,962253946
948,"The Adventures of Priscilla, Queen of the Desert",1994,104,11300225
949,The Devil's Backbone,2001,106,6582065
950,Still Alice,2015,101,44779195
951,Thesis,2016,125,14227
952,Biutiful,2011,148,25147786
953,Frenzy,1972,116,4940
954,From Russia with Love,1964,115,24811445
955,In the Bedroom,2002,131,44763181
956,Babel,2006,143,135330835
957,In the Loop,2009,106,7787487
958,Bram Stoker's Dracula,1992,128,215862692
959,The Three Burials of Melquiades Estrada,2006,121,12045362
960,The Mission,1986,125,17503446
961,Bullitt,1968,114,511852
962,Bad Education,2005,106,40432275
963,Suspiria,1977,92,47000
964,2046,2004,129,20207146
965,Transamerica,2006,103,15151744
966,Heavenly Creatures,1994,99,3049950
967,Up in the Air,2009,109,166842739
968,Looper,2012,119,176506819
969,Begin Again,2014,104,105539577
970,Trading Places,1983,116,90404800
971,The Proposition,2006,104,5048893
972,Harry Potter and the Order of the Phoenix,2007,138,942862581
973,Witness,1985,112,68706993
974,Ghost World,2001,111,8764389
975,Sweeney Todd: The Demon Barber of Fleet Street,2007,116,153384272
976,Running Scared,2006,122,9380029
977,Beetlejuice,1988,92,74852535
978,Say Anything,1989,100,21515196
979,Mud,2013,130,32613173
980,Inside Llewyn Davis,2014,104,32962157
981,Man on the Moon,1999,118,47434430
982,Home Alone,1990,103,476684675
983,Notes on a Scandal,2007,92,49814557
984,Mean Streets,1973,112,61676
985,Far from Heaven,2003,107,29027914
986,Brick,2006,110,3947579
987,Alice in Wonderland,1951,75,865
988,Predestination,2015,97,4942449
989,Take Shelter,2011,120,3741098
990,"Crazy, Stupid, Love.",2011,118,145086643
991,The Bucket List,2008,97,175372502
992,Vacation,1983,98,61418362
993,Raising Arizona,1987,94,29180280
994,X-Men,2000,104,296339528
995,Sleepy Hollow,1999,105,206071526
